ID,Name,Email,Department
101,Vasanth,vasanth@gmail.com,HR
102,Nisha,nisha@gmail.com,Finance
103,Bala,bala@gmail.com,Marketing
104,Ganesh,ganesh@gmail.com,IT
105,Priya,priya@gmail.com,Admin
106,Kumar,kumar@gmail.com,Support
107,Divya,divya@gmail.com,R&D
108,Arun,arun@gmail.com,Operations
109,Keerthana,keerthana@gmail.com,Sales
110,Saravanan,saravanan@gmail.com,Legal
